{
  "0": {
    "precision": 0.5125,
    "recall": 0.5189873417721519,
    "f1-score": 0.5157232704402516,
    "support": 79.0
  },
  "1": {
    "precision": 0.4864864864864865,
    "recall": 0.48,
    "f1-score": 0.48322147651006714,
    "support": 75.0
  },
  "accuracy": 0.5,
  "macro avg": {
    "precision": 0.49949324324324323,
    "recall": 0.49949367088607594,
    "f1-score": 0.4994723734751594,
    "support": 154.0
  },
  "weighted avg": {
    "precision": 0.49983108108108115,
    "recall": 0.5,
    "f1-score": 0.4998944746950319,
    "support": 154.0
  }
}